{
  "j_safe": [
    1
  ],
  "mean_fixed_pivot_cost": 12.952656745910645,
  "mean_safe_pivot_cost": 12.952656745910645,
  "total_count": 4194304,
  "fixed_pivot_support": [
    1,
    5,
    7,
    8,
    11,
    13,
    14,
    15,
    17,
    18
  ],
  "safe_pivot_support": [
    1,
    5,
    7,
    8,
    11,
    13,
    14,
    15,
    17,
    18
  ]
}