{
  "j_valid": [
    1,
    2,
    3,
    4,
    5,
    6,
    7,
    8,
    9,
    10,
    11,
    12
  ],
  "best_pivot_by_mean": 3,
  "fixed_pivot_mean": 12.952656745910645,
  "best_single_pivot_mean": 9.352265357971191,
  "improvement_over_fixed": 3.600391387939453
}